{
  "id": "1221926",
  "name": "demo",
  "font_family": "iconfont",
  "css_prefix_text": "icon-",
  "description": "",
  "glyphs": [
    {
      "icon_id": "13296364",
      "name": "close",
      "font_class": "close",
      "unicode": "e689",
      "unicode_decimal": 59017
    },
    {
      "icon_id": "3255777",
      "name": "置顶",
      "font_class": "place-top",
      "unicode": "e647",
      "unicode_decimal": 58951
    },
    {
      "icon_id": "8195933",
      "name": "置底",
      "font_class": "place-bottom",
      "unicode": "e606",
      "unicode_decimal": 58886
    },
    {
      "icon_id": "13692889",
      "name": " menu",
      "font_class": "entypomenu",
      "unicode": "e96d",
      "unicode_decimal": 59757
    },
    {
      "icon_id": "14995160",
      "name": "edit",
      "font_class": "edit",
      "unicode": "e74d",
      "unicode_decimal": 59213
    },
    {
      "icon_id": "7712721",
      "name": "reset",
      "font_class": "reset",
      "unicode": "e739",
      "unicode_decimal": 59193
    },
    {
      "icon_id": "15838489",
      "name": "import",
      "font_class": "import",
      "unicode": "e675",
      "unicode_decimal": 58997
    },
    {
      "icon_id": "15838430",
      "name": "ashbin",
      "font_class": "delete",
      "unicode": "e665",
      "unicode_decimal": 58981
    },
    {
      "icon_id": "15838432",
      "name": "browse",
      "font_class": "browse",
      "unicode": "e666",
      "unicode_decimal": 58982
    },
    {
      "icon_id": "15838434",
      "name": "back",
      "font_class": "back",
      "unicode": "e667",
      "unicode_decimal": 58983
    },
    {
      "icon_id": "15838468",
      "name": "export",
      "font_class": "export",
      "unicode": "e66e",
      "unicode_decimal": 58990
    },
    {
      "icon_id": "15838488",
      "name": "forward",
      "font_class": "forward",
      "unicode": "e671",
      "unicode_decimal": 58993
    }
  ]
}
